S02002354	?
S02002355	?
S02002356	?
S02002357	?
S02002358	?
S02002359	?
S02002360	?
S02002361	?
S02002362	?
S02002363	?
S02002364	?
S02002365	?
S02002366	?
S02002367	?
S02002368	?
S02002369	?
S02002370	?
S02002371	?
S02002372	?
S02002373	?
S02002374	?
S02002375	?
S02002376	?
S02002377	?
S02002378	?
S02002379	?
S02002380	?
S02002381	?
S02002382	?
S02002383	?
S02002384	?
S02002385	?
S02002386	?
S02002387	?
S02002388	?
S02002389	?
S02002390	?
S02002391	?
S02002392	?
S02002393	?
S02002394	?
S02002395	?
S02002396	?
S02002397	?
S02002398	?
S02002399	?
S02002400	?
S02002401	?
S02002402	?
S02002403	?
S02002404	?
S02002405	?
S02002406	?
S02002407	?
S02002408	?
S02002409	?
S02002410	?
S02002411	?
S02002412	?
S02002413	?
S02002414	?
S02002415	?
S02002416	?
S02002417	?
S02002418	?
S02002419	?
S02002420	?
S02002421	?
S02002422	?
S02002423	?
S02002424	?
S02002425	?
S02002426	?
S02002427	?
S02002428	?
S02002429	?
S02002430	?
S02002431	?
S02002432	?
S02002433	?
S02002434	?
S02002435	?
