msoa,chargepoints
E02000001,70
E02000003,4
E02000004,3
E02000005,7
E02000007,2
E02000009,4
E02000012,6
E02000013,3
E02000014,3
E02000016,4
E02000018,1
E02000019,2
E02000020,3
E02000021,7
E02000023,6
E02000024,3
E02000025,10
E02000030,1
E02000031,1
E02000034,1
E02000035,1
E02000036,2
E02000040,3
E02000042,2
E02000048,19
E02000050,2
E02000052,1
E02000053,9
E02000054,1
E02000055,1
E02000056,2
E02000057,4
E02000059,1
E02000060,1
E02000062,6
E02000064,5
E02000065,1
E02000066,1
E02000067,5
E02000068,1
E02000074,1
E02000075,1
E02000078,1
E02000079,8
E02000080,7
E02000083,4
E02000085,4
E02000086,1
E02000087,1
E02000091,1
E02000092,2
E02000093,6
E02000094,3
E02000095,2
E02000096,4
E02000097,2
E02000099,2
E02000101,4
E02000103,2
E02000105,1
E02000106,1
E02000107,10
E02000109,2
E02000110,10
E02000112,13
E02000113,6
E02000114,4
E02000115,6
E02000116,6
E02000117,3
E02000119,2
E02000120,27
E02000121,3
E02000122,5
E02000123,10
E02000124,23
E02000125,20
E02000126,6
E02000127,2
E02000130,7
E02000132,9
E02000134,4
E02000135,2
E02000137,5
E02000139,3
E02000140,3
E02000144,7
E02000145,3
E02000146,3
E02000147,2
E02000154,2
E02000156,10
E02000160,3
E02000163,2
E02000166,12
E02000167,18
E02000168,22
E02000169,30
E02000170,15
E02000171,10
E02000172,12
E02000173,14
E02000174,18
E02000175,14
E02000176,15
E02000177,9
E02000178,18
E02000179,8
E02000180,19
E02000181,14
E02000182,10
E02000183,20
E02000184,9
E02000185,7
E02000186,12
E02000187,16
E02000188,8
E02000189,5
E02000191,25
E02000192,10
E02000193,33
E02000194,8
E02000195,2
E02000196,2
E02000197,12
E02000198,7
E02000199,2
E02000200,8
E02000201,3
E02000202,3
E02000203,4
E02000204,10
E02000206,4
E02000207,5
E02000208,4
E02000209,8
E02000210,6
E02000212,4
E02000213,12
E02000214,5
E02000215,11
E02000216,5
E02000217,10
E02000218,2
E02000219,1
E02000220,16
E02000221,6
E02000222,2
E02000223,2
E02000224,6
E02000225,1
E02000228,1
E02000230,8
E02000231,1
E02000233,3
E02000234,7
E02000235,2
E02000237,1
E02000239,1
E02000243,10
E02000244,6
E02000245,3
E02000246,2
E02000248,17
E02000250,3
E02000252,9
E02000254,3
E02000255,2
E02000256,4
E02000257,7
E02000258,6
E02000259,3
E02000260,6
E02000261,4
E02000262,8
E02000264,10
E02000265,8
E02000266,20
E02000267,1
E02000268,7
E02000269,10
E02000270,4
E02000271,23
E02000272,13
E02000274,3
E02000275,2
E02000278,5
E02000279,2
E02000280,4
E02000282,2
E02000287,3
E02000289,1
E02000291,5
E02000292,8
E02000294,1
E02000296,9
E02000298,2
E02000300,3
E02000301,11
E02000303,1
E02000304,1
E02000305,4
E02000306,2
E02000307,4
E02000308,11
E02000309,29
E02000311,7
E02000312,10
E02000314,6
E02000315,7
E02000316,14
E02000317,3
E02000318,3
E02000320,2
E02000323,14
E02000324,6
E02000326,9
E02000327,7
E02000328,3
E02000329,6
E02000331,4
E02000332,6
E02000333,1
E02000334,3
E02000335,5
E02000337,5
E02000339,1
E02000340,4
E02000341,1
E02000344,6
E02000345,5
E02000347,4
E02000348,3
E02000350,1
E02000351,4
E02000352,6
E02000353,8
E02000354,1
E02000355,13
E02000356,4
E02000357,2
E02000358,4
E02000359,6
E02000360,2
E02000361,2
E02000362,10
E02000363,3
E02000364,9
E02000365,10
E02000366,11
E02000367,12
E02000368,3
E02000369,2
E02000370,1
E02000371,14
E02000372,40
E02000373,52
E02000374,26
E02000375,63
E02000376,16
E02000377,23
E02000378,19
E02000379,33
E02000380,31
E02000381,47
E02000382,15
E02000383,31
E02000384,32
E02000385,31
E02000386,8
E02000387,16
E02000388,21
E02000389,40
E02000390,15
E02000391,40
E02000392,29
E02000393,21
E02000394,15
E02000395,65
E02000396,27
E02000397,2
E02000398,1
E02000400,3
E02000401,2
E02000402,1
E02000403,2
E02000404,3
E02000405,2
E02000408,4
E02000409,4
E02000410,3
E02000412,12
E02000415,4
E02000417,8
E02000418,5
E02000419,3
E02000420,10
E02000421,4
E02000423,2
E02000425,1
E02000426,1
E02000428,2
E02000429,7
E02000430,3
E02000431,3
E02000432,3
E02000433,3
E02000434,3
E02000437,4
E02000438,1
E02000441,1
E02000445,3
E02000448,1
E02000452,4
E02000453,13
E02000455,3
E02000456,6
E02000457,4
E02000459,4
E02000460,1
E02000461,5
E02000462,2
E02000465,2
E02000470,9
E02000471,1
E02000475,1
E02000476,2
E02000479,1
E02000480,3
E02000483,1
E02000485,1
E02000486,1
E02000488,2
E02000491,7
E02000493,3
E02000494,1
E02000495,4
E02000497,1
E02000500,2
E02000502,1
E02000503,1
E02000504,2
E02000506,2
E02000508,8
E02000509,14
E02000510,3
E02000511,1
E02000513,2
E02000514,1
E02000515,4
E02000519,4
E02000520,6
E02000522,3
E02000523,20
E02000524,63
E02000525,17
E02000526,73
E02000528,36
E02000529,5
E02000530,9
E02000531,20
E02000532,56
E02000533,48
E02000534,9
E02000535,6
E02000536,8
E02000537,7
E02000538,8
E02000539,22
E02000540,2
E02000541,9
E02000542,10
E02000543,14
E02000544,3
E02000545,4
E02000547,4
E02000548,4
E02000549,5
E02000550,11
E02000551,5
E02000553,5
E02000554,9
E02000555,6
E02000556,6
E02000557,5
E02000558,9
E02000559,6
E02000560,1
E02000561,13
E02000562,6
E02000563,2
E02000564,3
E02000565,7
E02000566,2
E02000567,11
E02000568,11
E02000569,13
E02000570,17
E02000571,9
E02000572,5
E02000573,17
E02000574,18
E02000575,28
E02000576,18
E02000577,15
E02000578,18
E02000579,40
E02000580,30
E02000581,19
E02000582,32
E02000583,54
E02000584,30
E02000585,41
E02000586,36
E02000587,32
E02000588,53
E02000589,17
E02000590,22
E02000591,20
E02000592,40
E02000593,33
E02000594,35
E02000595,35
E02000596,26
E02000597,16
E02000598,5
E02000599,3
E02000600,13
E02000601,30
E02000602,13
E02000604,12
E02000605,7
E02000606,26
E02000607,7
E02000608,10
E02000609,7
E02000610,11
E02000613,6
E02000614,9
E02000615,6
E02000617,5
E02000619,8
E02000620,20
E02000621,8
E02000622,9
E02000623,2
E02000624,7
E02000625,14
E02000626,4
E02000627,8
E02000628,7
E02000629,9
E02000630,9
E02000631,20
E02000632,11
E02000633,4
E02000635,10
E02000636,21
E02000637,14
E02000638,8
E02000639,4
E02000640,16
E02000641,5
E02000642,8
E02000643,13
E02000644,9
E02000645,12
E02000646,6
E02000647,8
E02000648,5
E02000649,15
E02000650,10
E02000651,6
E02000652,2
E02000653,2
E02000655,3
E02000657,2
E02000661,1
E02000662,3
E02000664,21
E02000665,3
E02000669,2
E02000672,10
E02000673,9
E02000674,2
E02000677,4
E02000679,4
E02000682,1
E02000683,3
E02000685,2
E02000686,5
E02000689,20
E02000690,19
E02000691,13
E02000692,10
E02000693,14
E02000694,21
E02000695,13
E02000696,10
E02000697,18
E02000698,9
E02000699,18
E02000700,8
E02000701,4
E02000702,5
E02000703,2
E02000704,16
E02000705,8
E02000706,5
E02000707,6
E02000708,8
E02000709,8
E02000710,4
E02000711,11
E02000712,6
E02000713,5
E02000725,5
E02000726,56
E02000735,1
E02000736,5
E02000741,8
E02000742,2
E02000743,1
E02000744,1
E02000746,14
E02000747,35
E02000749,9
E02000750,5
E02000751,1
E02000756,4
E02000757,10
E02000759,17
E02000762,2
E02000763,6
E02000764,25
E02000765,2
E02000767,1
E02000768,10
E02000772,8
E02000773,1
E02000777,14
E02000780,8
E02000783,1
E02000784,33
E02000785,45
E02000786,46
E02000787,30
E02000788,32
E02000789,10
E02000790,12
E02000791,2
E02000792,12
E02000793,4
E02000794,3
E02000795,9
E02000796,2
E02000797,20
E02000798,12
E02000799,19
E02000800,2
E02000801,16
E02000802,6
E02000804,15
E02000805,17
E02000806,10
E02000807,5
E02000808,19
E02000809,10
E02000810,20
E02000812,19
E02000813,21
E02000814,7
E02000815,5
E02000816,9
E02000817,4
E02000818,13
E02000819,2
E02000820,17
E02000821,11
E02000822,9
E02000823,6
E02000824,7
E02000825,6
E02000826,12
E02000827,20
E02000828,10
E02000829,16
E02000830,26
E02000831,13
E02000832,21
E02000833,9
E02000834,29
E02000835,21
E02000836,40
E02000837,50
E02000838,15
E02000839,12
E02000841,5
E02000842,6
E02000844,1
E02000848,4
E02000849,2
E02000850,1
E02000851,21
E02000853,2
E02000854,3
E02000855,1
E02000856,2
E02000857,7
E02000859,4
E02000860,3
E02000861,1
E02000864,3
E02000865,3
E02000866,6
E02000868,1
E02000869,1
E02000871,2
E02000872,3
E02000876,3
E02000877,1
E02000878,5
E02000879,5
E02000883,1
E02000884,2
E02000885,3
E02000887,8
E02000888,1
E02000890,5
E02000891,9
E02000895,2
E02000896,4
E02000897,6
E02000899,1
E02000900,1
E02000901,4
E02000902,6
E02000903,7
E02000904,15
E02000905,19
E02000906,7
E02000907,9
E02000908,16
E02000909,20
E02000910,22
E02000911,13
E02000912,2
E02000913,40
E02000914,22
E02000915,14
E02000916,15
E02000917,11
E02000918,14
E02000919,12
E02000920,14
E02000921,11
E02000922,13
E02000923,9
E02000924,9
E02000925,6
E02000926,26
E02000927,33
E02000928,23
E02000929,5
E02000930,22
E02000931,120
E02000932,65
E02000933,16
E02000934,9
E02000935,6
E02000936,15
E02000937,32
E02000938,5
E02000939,52
E02000940,21
E02000941,18
E02000942,16
E02000943,23
E02000944,3
E02000945,10
E02000946,18
E02000947,16
E02000948,7
E02000949,18
E02000950,2
E02000951,12
E02000952,8
E02000953,11
E02000954,8
E02000955,6
E02000956,7
E02000957,7
E02000958,5
E02000959,9
E02000960,52
E02000961,82
E02000962,32
E02000963,76
E02000964,92
E02000965,73
E02000966,99
E02000967,24
E02000968,27
E02000969,23
E02000970,87
E02000971,43
E02000972,58
E02000973,76
E02000974,29
E02000975,25
E02000976,44
E02000977,57
E02000978,92
E02000979,31
E02000980,17
E02000981,32
E02000982,16
E02000983,22
E02000987,3
E02000990,6
E02000999,22
E02001002,2
E02001004,6
E02001007,2
E02001011,1
E02001014,2
E02001019,3
E02001025,3
E02001026,8
E02001029,8
E02001031,1
E02001033,2
E02001038,1
E02001040,5
E02001046,2
E02001048,4
E02001052,4
E02001055,1
E02001057,2
E02001059,6
E02001061,6
E02001062,2
E02001063,15
E02001064,5
E02001066,3
E02001073,4
E02001074,1
E02001077,4
E02001079,2
E02001080,3
E02001085,2
E02001087,2
E02001089,15
E02001090,2
E02001091,2
E02001092,1
E02001094,1
E02001096,1
E02001099,1
E02001100,2
E02001105,3
E02001108,3
E02001111,15
E02001113,2
E02001114,3
E02001117,2
E02001119,2
E02001121,4
E02001123,3
E02001125,1
E02001128,9
E02001129,2
E02001132,1
E02001141,17
E02001143,1
E02001146,6
E02001148,2
E02001151,2
E02001153,3
E02001155,5
E02001158,3
E02001161,2
E02001163,4
E02001168,7
E02001170,1
E02001172,5
E02001173,2
E02001175,1
E02001176,3
E02001177,9
E02001178,22
E02001180,3
E02001182,4
E02001184,23
E02001186,5
E02001193,12
E02001195,1
E02001200,12
E02001204,1
E02001205,1
E02001222,1
E02001228,2
E02001234,1
E02001236,3
E02001239,2
E02001241,9
E02001242,1
E02001243,2
E02001245,3
E02001249,3
E02001256,1
E02001260,25
E02001261,3
E02001263,9
E02001269,3
E02001271,1
E02001273,2
E02001277,2
E02001282,3
E02001283,3
E02001292,6
E02001294,3
E02001296,1
E02001299,2
E02001301,3
E02001302,1
E02001309,1
E02001313,2
E02001315,1
E02001316,20
E02001323,1
E02001324,2
E02001330,1
E02001331,2
E02001333,3
E02001335,3
E02001345,1
E02001347,2
E02001348,2
E02001350,2
E02001351,13
E02001363,2
E02001369,2
E02001370,2
E02001372,4
E02001373,13
E02001374,9
E02001375,7
E02001377,3
E02001380,1
E02001382,1
E02001383,20
E02001388,6
E02001390,2
E02001395,2
E02001396,18
E02001398,2
E02001402,2
E02001403,6
E02001404,1
E02001405,1
E02001410,4
E02001415,1
E02001417,1
E02001418,2
E02001419,6
E02001420,5
E02001421,2
E02001424,5
E02001432,1
E02001436,6
E02001441,1
E02001444,2
E02001448,2
E02001455,5
E02001456,1
E02001460,2
E02001463,1
E02001467,8
E02001468,4
E02001470,1
E02001471,3
E02001473,4
E02001474,4
E02001476,1
E02001477,5
E02001478,1
E02001480,13
E02001481,2
E02001482,4
E02001491,9
E02001492,1
E02001496,2
E02001503,2
E02001505,8
E02001509,1
E02001512,1
E02001516,2
E02001517,1
E02001520,2
E02001521,7
E02001523,2
E02001527,1
E02001530,2
E02001531,1
E02001532,5
E02001538,4
E02001541,5
E02001544,1
E02001546,2
E02001548,1
E02001550,1
E02001552,1
E02001553,1
E02001559,1
E02001560,3
E02001562,1
E02001563,3
E02001565,5
E02001566,3
E02001571,1
E02001575,1
E02001578,2
E02001579,4
E02001580,2
E02001581,2
E02001585,2
E02001587,2
E02001591,2
E02001594,18
E02001595,5
E02001597,1
E02001598,1
E02001600,1
E02001604,5
E02001606,2
E02001607,2
E02001608,4
E02001610,4
E02001615,1
E02001619,4
E02001627,3
E02001628,2
E02001632,3
E02001636,1
E02001637,1
E02001646,2
E02001661,2
E02001663,1
E02001666,2
E02001671,3
E02001674,1
E02001684,8
E02001686,3
E02001688,13
E02001690,12
E02001691,11
E02001694,2
E02001696,3
E02001701,4
E02001705,1
E02001706,4
E02001707,8
E02001708,7
E02001709,1
E02001710,10
E02001711,13
E02001712,2
E02001713,9
E02001714,4
E02001715,2
E02001718,1
E02001719,1
E02001723,1
E02001725,2
E02001727,2
E02001728,2
E02001729,1
E02001730,31
E02001731,104
E02001733,10
E02001736,3
E02001740,6
E02001743,1
E02001745,2
E02001748,10
E02001750,6
E02001752,7
E02001753,4
E02001755,10
E02001756,1
E02001758,1
E02001759,3
E02001760,1
E02001766,3
E02001767,2
E02001768,17
E02001769,20
E02001771,2
E02001774,13
E02001775,2
E02001776,2
E02001777,2
E02001778,1
E02001779,13
E02001780,1
E02001781,1
E02001782,2
E02001783,1
E02001784,1
E02001785,4
E02001787,1
E02001788,1
E02001790,5
E02001791,1
E02001792,5
E02001793,2
E02001795,13
E02001796,6
E02001797,59
E02001798,5
E02001799,6
E02001800,3
E02001801,23
E02001803,35
E02001806,10
E02001807,2
E02001808,4
E02001809,4
E02001810,1
E02001812,4
E02001814,7
E02001815,1
E02001816,1
E02001818,2
E02001819,1
E02001822,4
E02001823,1
E02001824,2
E02001825,7
E02001826,2
E02001835,3
E02001836,2
E02001838,1
E02001847,1
E02001851,1
E02001854,4
E02001855,2
E02001856,2
E02001873,1
E02001875,5
E02001876,9
E02001878,4
E02001883,1
E02001897,1
E02001901,2
E02001904,4
E02001905,7
E02001906,3
E02001913,1
E02001915,2
E02001918,2
E02001921,1
E02001922,5
E02001924,1
E02001925,1
E02001930,1
E02001931,2
E02001932,1
E02001939,1
E02001943,1
E02001946,2
E02001950,6
E02001955,2
E02001956,1
E02001958,31
E02001959,18
E02001961,2
E02001962,4
E02001963,23
E02001964,3
E02001965,3
E02001966,7
E02001968,20
E02001969,28
E02001971,6
E02001972,4
E02001973,14
E02001974,19
E02001975,14
E02001976,11
E02001977,32
E02001978,19
E02001979,9
E02001981,5
E02001983,55
E02001984,27
E02001985,19
E02001987,18
E02001988,36
E02001990,4
E02001991,17
E02001992,13
E02001993,4
E02001994,14
E02001995,4
E02001996,1
E02001999,2
E02002000,1
E02002003,2
E02002004,1
E02002005,1
E02002010,1
E02002011,3
E02002015,3
E02002021,6
E02002024,1
E02002027,3
E02002029,1
E02002030,1
E02002033,1
E02002034,7
E02002038,1
E02002043,5
E02002047,1
E02002048,1
E02002051,1
E02002059,3
E02002060,2
E02002061,4
E02002072,2
E02002075,3
E02002077,2
E02002083,3
E02002086,1
E02002089,10
E02002091,5
E02002092,1
E02002093,2
E02002095,2
E02002096,1
E02002098,4
E02002099,9
E02002102,4
E02002103,2
E02002106,2
E02002107,6
E02002108,2
E02002109,8
E02002110,3
E02002112,1
E02002119,2
E02002124,4
E02002133,1
E02002136,1
E02002137,2
E02002139,1
E02002140,1
E02002142,3
E02002147,1
E02002149,1
E02002156,1
E02002157,1
E02002161,1
E02002164,3
E02002165,1
E02002166,1
E02002167,1
E02002168,7
E02002181,1
E02002184,4
E02002186,2
E02002190,3
E02002194,2
E02002195,1
E02002196,1
E02002197,3
E02002199,1
E02002201,1
E02002202,2
E02002205,1
E02002215,1
E02002216,2
E02002220,3
E02002221,8
E02002223,2
E02002226,1
E02002228,1
E02002231,7
E02002232,2
E02002235,1
E02002236,1
E02002238,2
E02002239,2
E02002241,2
E02002242,3
E02002243,1
E02002246,3
E02002247,4
E02002251,6
E02002254,3
E02002256,1
E02002258,6
E02002259,3
E02002260,3
E02002261,1
E02002262,4
E02002265,1
E02002268,3
E02002272,3
E02002273,2
E02002275,2
E02002280,3
E02002281,1
E02002283,2
E02002286,1
E02002287,2
E02002293,2
E02002295,3
E02002296,2
E02002299,4
E02002300,1
E02002303,2
E02002304,1
E02002313,1
E02002319,2
E02002328,3
E02002329,2
E02002331,7
E02002332,1
E02002333,5
E02002334,1
E02002335,2
E02002338,1
E02002339,5
E02002341,1
E02002345,1
E02002350,3
E02002356,2
E02002361,1
E02002363,3
E02002368,1
E02002373,1
E02002374,3
E02002376,1
E02002381,1
E02002382,1
E02002384,4
E02002385,2
E02002389,1
E02002390,2
E02002391,2
E02002392,8
E02002393,1
E02002394,1
E02002400,2
E02002401,7
E02002402,5
E02002403,7
E02002405,3
E02002408,1
E02002410,1
E02002411,1
E02002412,1
E02002414,2
E02002416,1
E02002419,10
E02002422,7
E02002423,17
E02002426,2
E02002427,6
E02002428,3
E02002431,2
E02002433,7
E02002435,3
E02002439,2
E02002442,6
E02002443,1
E02002445,4
E02002447,1
E02002448,4
E02002450,1
E02002452,3
E02002453,2
E02002454,4
E02002455,1
E02002456,1
E02002462,1
E02002464,1
E02002465,2
E02002467,2
E02002468,2
E02002470,2
E02002471,2
E02002473,1
E02002475,3
E02002479,2
E02002480,1
E02002481,1
E02002487,3
E02002489,13
E02002493,1
E02002496,28
E02002497,1
E02002499,1
E02002509,2
E02002514,4
E02002515,1
E02002517,4
E02002518,2
E02002520,4
E02002526,1
E02002527,1
E02002529,2
E02002532,5
E02002534,2
E02002535,13
E02002536,7
E02002537,6
E02002539,3
E02002542,4
E02002543,8
E02002544,6
E02002548,40
E02002551,15
E02002552,14
E02002554,17
E02002556,2
E02002557,2
E02002558,2
E02002559,6
E02002562,1
E02002566,19
E02002567,10
E02002580,20
E02002582,2
E02002584,2
E02002585,11
E02002586,1
E02002592,2
E02002593,8
E02002594,4
E02002595,2
E02002598,7
E02002599,9
E02002600,2
E02002601,1
E02002606,3
E02002607,41
E02002608,1
E02002610,3
E02002621,2
E02002622,3
E02002627,1
E02002628,1
E02002638,1
E02002642,2
E02002646,6
E02002649,2
E02002667,1
E02002677,2
E02002679,1
E02002680,3
E02002681,2
E02002686,1
E02002687,3
E02002688,1
E02002694,1
E02002695,2
E02002698,2
E02002700,1
E02002702,4
E02002703,1
E02002708,1
E02002712,1
E02002714,2
E02002715,1
E02002718,1
E02002719,1
E02002722,2
E02002723,1
E02002724,1
E02002726,1
E02002728,7
E02002732,2
E02002733,2
E02002741,2
E02002742,2
E02002747,3
E02002749,3
E02002753,3
E02002755,1
E02002756,1
E02002758,1
E02002759,2
E02002769,1
E02002776,6
E02002777,5
E02002778,1
E02002781,2
E02002782,9
E02002784,17
E02002788,1
E02002791,2
E02002793,4
E02002794,7
E02002797,1
E02002798,1
E02002799,6
E02002802,1
E02002808,36
E02002811,2
E02002812,7
E02002813,4
E02002816,3
E02002819,12
E02002820,2
E02002824,1
E02002825,1
E02002828,7
E02002834,6
E02002835,2
E02002844,2
E02002849,6
E02002852,6
E02002856,20
E02002857,2
E02002863,6
E02002864,1
E02002865,2
E02002866,1
E02002867,5
E02002868,10
E02002869,6
E02002871,1
E02002872,10
E02002876,10
E02002877,17
E02002881,11
E02002882,1
E02002884,4
E02002885,8
E02002886,2
E02002887,5
E02002889,7
E02002890,31
E02002892,2
E02002893,11
E02002896,20
E02002897,1
E02002898,27
E02002899,5
E02002902,9
E02002907,3
E02002908,2
E02002909,2
E02002910,2
E02002911,1
E02002914,5
E02002916,8
E02002919,4
E02002920,2
E02002923,4
E02002925,7
E02002926,3
E02002931,1
E02002936,1
E02002938,1
E02002939,1
E02002942,1
E02002943,1
E02002944,2
E02002945,3
E02002949,2
E02002950,1
E02002959,3
E02002962,4
E02002965,18
E02002968,2
E02002972,2
E02002973,3
E02002976,3
E02002983,3
E02002985,3
E02002987,1
E02002988,1
E02002990,1
E02002991,7
E02002992,2
E02002993,6
E02002994,5
E02002996,7
E02003001,1
E02003005,1
E02003006,16
E02003007,2
E02003009,2
E02003015,9
E02003019,8
E02003021,2
E02003024,2
E02003025,2
E02003030,2
E02003033,1
E02003034,4
E02003036,5
E02003040,3
E02003041,5
E02003043,52
E02003045,6
E02003046,1
E02003047,3
E02003054,7
E02003056,1
E02003059,1
E02003063,2
E02003064,1
E02003065,2
E02003066,4
E02003068,3
E02003070,6
E02003071,1
E02003073,2
E02003074,3
E02003075,1
E02003077,11
E02003078,1
E02003084,3
E02003091,2
E02003093,1
E02003094,12
E02003095,2
E02003096,1
E02003098,3
E02003100,9
E02003101,1
E02003106,8
E02003107,1
E02003109,1
E02003110,11
E02003112,1
E02003114,1
E02003117,3
E02003120,3
E02003122,2
E02003125,3
E02003126,12
E02003127,3
E02003129,1
E02003131,4
E02003134,2
E02003135,3
E02003136,1
E02003137,1
E02003138,1
E02003139,1
E02003140,3
E02003142,2
E02003143,1
E02003144,9
E02003145,2
E02003146,5
E02003147,6
E02003148,20
E02003149,6
E02003150,6
E02003152,3
E02003153,2
E02003156,1
E02003158,1
E02003164,1
E02003166,11
E02003167,1
E02003168,1
E02003172,5
E02003173,1
E02003179,1
E02003180,2
E02003182,7
E02003188,5
E02003189,1
E02003190,2
E02003192,3
E02003195,1
E02003199,2
E02003201,2
E02003202,6
E02003203,3
E02003204,4
E02003205,1
E02003206,2
E02003208,4
E02003215,1
E02003216,1
E02003219,1
E02003223,1
E02003225,2
E02003226,5
E02003228,5
E02003230,4
E02003232,2
E02003233,1
E02003234,2
E02003235,13
E02003236,2
E02003238,2
E02003240,1
E02003242,2
E02003245,1
E02003247,1
E02003248,1
E02003249,5
E02003250,9
E02003251,1
E02003252,2
E02003253,6
E02003257,2
E02003265,2
E02003270,1
E02003271,1
E02003272,2
E02003273,6
E02003275,31
E02003277,1
E02003278,8
E02003282,2
E02003288,2
E02003291,1
E02003293,11
E02003300,1
E02003301,1
E02003310,13
E02003311,3
E02003312,1
E02003320,2
E02003324,5
E02003328,20
E02003338,5
E02003343,1
E02003345,3
E02003346,1
E02003347,1
E02003352,1
E02003354,2
E02003357,2
E02003358,13
E02003360,1
E02003363,1
E02003364,5
E02003366,2
E02003367,2
E02003368,7
E02003369,2
E02003372,3
E02003375,1
E02003376,9
E02003377,2
E02003378,5
E02003379,1
E02003381,4
E02003382,1
E02003385,17
E02003386,14
E02003387,1
E02003389,2
E02003391,1
E02003392,1
E02003395,3
E02003396,1
E02003398,2
E02003399,19
E02003405,8
E02003406,2
E02003407,2
E02003408,3
E02003410,7
E02003412,2
E02003413,4
E02003415,10
E02003417,4
E02003418,1
E02003419,4
E02003420,1
E02003424,3
E02003425,2
E02003426,2
E02003430,12
E02003432,9
E02003433,2
E02003435,3
E02003437,1
E02003439,1
E02003444,4
E02003447,6
E02003448,1
E02003451,1
E02003452,1
E02003454,5
E02003455,4
E02003456,6
E02003459,5
E02003460,7
E02003461,3
E02003463,4
E02003464,2
E02003465,1
E02003466,4
E02003467,2
E02003468,17
E02003470,1
E02003471,4
E02003472,172
E02003473,4
E02003474,2
E02003475,24
E02003476,4
E02003477,2
E02003478,3
E02003479,2
E02003480,3
E02003481,12
E02003482,4
E02003483,7
E02003484,2
E02003486,4
E02003487,1
E02003488,5
E02003489,1
E02003490,1
E02003492,3
E02003493,3
E02003494,2
E02003497,2
E02003498,6
E02003499,1
E02003500,16
E02003501,13
E02003502,1
E02003504,16
E02003505,4
E02003506,23
E02003508,9
E02003509,11
E02003510,14
E02003511,18
E02003512,12
E02003513,7
E02003514,9
E02003515,5
E02003516,14
E02003517,32
E02003518,14
E02003519,15
E02003520,8
E02003521,9
E02003522,8
E02003523,1
E02003524,1
E02003525,4
E02003526,1
E02003531,1
E02003532,7
E02003533,1
E02003534,6
E02003536,1
E02003537,3
E02003538,3
E02003539,4
E02003540,9
E02003541,2
E02003542,3
E02003543,4
E02003544,4
E02003545,1
E02003546,5
E02003547,11
E02003548,7
E02003554,1
E02003555,1
E02003557,2
E02003560,1
E02003563,1
E02003564,2
E02003567,1
E02003568,1
E02003570,7
E02003571,32
E02003572,8
E02003576,4
E02003579,4
E02003581,2
E02003585,1
E02003588,2
E02003589,1
E02003590,3
E02003592,2
E02003594,4
E02003595,2
E02003598,1
E02003602,1
E02003603,2
E02003605,2
E02003607,4
E02003609,3
E02003610,2
E02003619,1
E02003622,1
E02003624,12
E02003625,14
E02003626,2
E02003627,20
E02003628,5
E02003629,1
E02003630,9
E02003631,1
E02003632,1
E02003634,2
E02003637,5
E02003639,3
E02003644,2
E02003645,2
E02003646,2
E02003647,4
E02003651,3
E02003652,7
E02003653,9
E02003656,1
E02003657,1
E02003659,1
E02003660,1
E02003661,6
E02003662,1
E02003663,4
E02003664,7
E02003665,2
E02003666,10
E02003669,1
E02003670,1
E02003671,2
E02003672,2
E02003673,1
E02003677,4
E02003679,2
E02003680,2
E02003681,4
E02003682,5
E02003683,7
E02003686,1
E02003688,1
E02003689,2
E02003690,9
E02003691,3
E02003693,6
E02003696,4
E02003701,2
E02003703,3
E02003708,1
E02003709,2
E02003710,5
E02003711,6
E02003712,1
E02003714,2
E02003715,1
E02003716,1
E02003717,4
E02003718,9
E02003723,4
E02003724,2
E02003725,2
E02003726,1
E02003729,1
E02003730,4
E02003731,3
E02003734,2
E02003735,7
E02003736,1
E02003740,1
E02003744,3
E02003745,2
E02003746,1
E02003751,1
E02003754,2
E02003755,2
E02003759,3
E02003761,1
E02003762,3
E02003764,3
E02003765,5
E02003766,2
E02003769,5
E02003771,1
E02003772,2
E02003773,2
E02003777,8
E02003779,2
E02003780,2
E02003781,13
E02003785,1
E02003786,3
E02003789,1
E02003791,3
E02003794,4
E02003795,4
E02003800,1
E02003802,4
E02003803,5
E02003809,6
E02003811,2
E02003812,1
E02003813,1
E02003816,5
E02003819,2
E02003822,2
E02003827,2
E02003829,10
E02003830,6
E02003831,1
E02003839,3
E02003840,1
E02003841,2
E02003842,4
E02003845,8
E02003848,1
E02003849,1
E02003851,2
E02003853,2
E02003856,6
E02003858,3
E02003859,5
E02003863,2
E02003864,8
E02003865,2
E02003874,2
E02003877,2
E02003878,1
E02003879,5
E02003881,2
E02003891,2
E02003894,4
E02003896,1
E02003897,2
E02003899,2
E02003900,2
E02003901,2
E02003904,3
E02003905,1
E02003906,2
E02003907,2
E02003908,6
E02003909,8
E02003910,12
E02003911,1
E02003915,2
E02003916,1
E02003918,3
E02003919,5
E02003922,7
E02003923,6
E02003928,2
E02003929,5
E02003930,1
E02003931,2
E02003934,4
E02003937,10
E02003938,4
E02003940,3
E02003941,4
E02003942,1
E02003943,2
E02003946,4
E02003948,4
E02003950,1
E02003953,12
E02003954,3
E02003955,4
E02003956,2
E02003957,6
E02003960,1
E02003962,2
E02003963,4
E02003964,2
E02003966,2
E02003967,1
E02003972,2
E02003976,2
E02003980,3
E02003984,1
E02003985,1
E02003986,4
E02003987,3
E02003988,1
E02003990,4
E02003992,8
E02003994,2
E02003995,1
E02003996,6
E02003999,1
E02004001,4
E02004003,2
E02004007,1
E02004008,1
E02004009,4
E02004010,3
E02004012,4
E02004013,3
E02004014,4
E02004015,5
E02004016,2
E02004017,5
E02004019,2
E02004020,1
E02004021,2
E02004022,3
E02004023,6
E02004024,5
E02004026,1
E02004030,1
E02004032,1
E02004034,7
E02004038,6
E02004040,2
E02004044,2
E02004045,6
E02004048,5
E02004052,3
E02004053,1
E02004054,4
E02004055,1
E02004056,1
E02004057,7
E02004060,3
E02004061,4
E02004062,4
E02004064,24
E02004065,4
E02004066,4
E02004067,4
E02004069,4
E02004070,3
E02004072,5
E02004073,11
E02004074,3
E02004075,2
E02004076,4
E02004080,3
E02004081,1
E02004082,1
E02004083,1
E02004085,1
E02004087,1
E02004089,3
E02004091,1
E02004092,1
E02004095,5
E02004102,1
E02004103,5
E02004108,5
E02004116,6
E02004118,2
E02004120,2
E02004121,2
E02004126,5
E02004128,4
E02004129,2
E02004131,2
E02004132,3
E02004138,3
E02004146,2
E02004148,5
E02004151,5
E02004152,2
E02004154,1
E02004156,12
E02004159,7
E02004162,6
E02004167,3
E02004168,2
E02004169,1
E02004170,3
E02004174,2
E02004178,2
E02004179,4
E02004183,6
E02004184,2
E02004187,2
E02004191,1
E02004196,3
E02004202,1
E02004205,9
E02004207,1
E02004210,1
E02004219,1
E02004220,1
E02004221,2
E02004222,1
E02004223,3
E02004227,3
E02004231,2
E02004232,1
E02004233,2
E02004236,1
E02004240,2
E02004241,3
E02004245,2
E02004246,2
E02004247,2
E02004248,1
E02004250,2
E02004252,3
E02004255,2
E02004257,3
E02004260,2
E02004261,2
E02004263,1
E02004267,2
E02004268,5
E02004269,2
E02004273,8
E02004276,5
E02004277,11
E02004278,2
E02004280,1
E02004282,1
E02004283,9
E02004284,5
E02004287,1
E02004288,1
E02004289,2
E02004291,1
E02004292,6
E02004293,2
E02004294,5
E02004296,1
E02004297,4
E02004298,1
E02004299,8
E02004301,4
E02004302,7
E02004303,6
E02004304,1
E02004306,1
E02004308,3
E02004309,12
E02004310,3
E02004312,10
E02004313,8
E02004314,29
E02004315,19
E02004318,3
E02004321,9
E02004323,4
E02004325,1
E02004335,7
E02004339,2
E02004340,2
E02004343,3
E02004344,7
E02004346,11
E02004347,1
E02004348,9
E02004350,1
E02004352,6
E02004354,4
E02004355,3
E02004359,7
E02004364,2
E02004365,15
E02004366,9
E02004367,1
E02004368,2
E02004370,2
E02004374,1
E02004375,1
E02004376,4
E02004380,1
E02004381,4
E02004382,1
E02004387,2
E02004388,1
E02004391,1
E02004392,1
E02004406,1
E02004408,4
E02004409,3
E02004411,2
E02004415,1
E02004416,2
E02004417,7
E02004420,2
E02004422,1
E02004428,1
E02004431,1
E02004435,2
E02004437,13
E02004445,2
E02004453,3
E02004454,11
E02004458,2
E02004460,1
E02004462,15
E02004465,1
E02004468,1
E02004469,3
E02004470,1
E02004471,5
E02004478,2
E02004482,1
E02004485,3
E02004487,1
E02004489,1
E02004492,2
E02004493,1
E02004494,10
E02004497,3
E02004503,5
E02004506,1
E02004509,8
E02004512,2
E02004513,2
E02004516,3
E02004517,5
E02004518,2
E02004527,2
E02004534,4
E02004535,2
E02004536,1
E02004538,1
E02004540,4
E02004542,1
E02004543,1
E02004545,3
E02004546,1
E02004547,5
E02004555,1
E02004558,2
E02004573,1
E02004574,1
E02004579,2
E02004583,1
E02004585,1
E02004586,2
E02004591,2
E02004592,2
E02004593,1
E02004594,1
E02004595,6
E02004596,1
E02004597,9
E02004600,1
E02004601,2
E02004603,1
E02004606,4
E02004607,1
E02004608,2
E02004609,1
E02004611,1
E02004613,1
E02004616,4
E02004617,3
E02004619,2
E02004621,2
E02004622,4
E02004625,2
E02004631,1
E02004632,1
E02004633,1
E02004634,3
E02004635,2
E02004636,2
E02004637,1
E02004639,5
E02004641,1
E02004642,2
E02004645,1
E02004649,1
E02004650,7
E02004651,4
E02004655,1
E02004656,6
E02004661,2
E02004662,7
E02004663,3
E02004665,1
E02004667,2
E02004671,2
E02004672,5
E02004674,6
E02004675,2
E02004677,1
E02004678,1
E02004681,3
E02004682,2
E02004683,2
E02004684,4
E02004685,19
E02004686,2
E02004688,2
E02004694,2
E02004696,2
E02004698,1
E02004699,2
E02004700,1
E02004704,1
E02004705,2
E02004707,9
E02004708,4
E02004712,1
E02004715,3
E02004717,14
E02004718,27
E02004722,1
E02004723,2
E02004724,3
E02004726,3
E02004728,1
E02004731,2
E02004733,2
E02004734,6
E02004742,1
E02004744,2
E02004746,2
E02004748,7
E02004754,2
E02004755,6
E02004756,3
E02004764,4
E02004766,1
E02004769,3
E02004771,1
E02004774,3
E02004775,2
E02004779,11
E02004782,3
E02004786,2
E02004787,2
E02004790,5
E02004792,5
E02004793,3
E02004794,1
E02004795,7
E02004799,3
E02004801,2
E02004802,1
E02004803,1
E02004805,1
E02004806,2
E02004807,2
E02004808,2
E02004809,1
E02004814,1
E02004816,3
E02004817,6
E02004818,5
E02004819,3
E02004820,2
E02004822,1
E02004824,8
E02004825,1
E02004826,1
E02004828,3
E02004830,4
E02004831,5
E02004832,1
E02004833,2
E02004834,14
E02004835,28
E02004837,5
E02004838,1
E02004839,2
E02004840,6
E02004841,9
E02004842,1
E02004845,4
E02004846,1
E02004850,1
E02004851,1
E02004852,7
E02004853,4
E02004855,5
E02004856,1
E02004857,2
E02004858,1
E02004864,1
E02004870,2
E02004872,2
E02004873,1
E02004877,1
E02004881,1
E02004884,1
E02004890,1
E02004894,3
E02004896,2
E02004898,1
E02004899,3
E02004901,3
E02004903,1
E02004904,1
E02004906,1
E02004908,1
E02004910,2
E02004912,4
E02004913,2
E02004914,3
E02004916,3
E02004920,5
E02004921,1
E02004922,3
E02004926,6
E02004934,2
E02004935,6
E02004937,5
E02004938,3
E02004942,1
E02004943,8
E02004945,1
E02004951,8
E02004954,1
E02004957,34
E02004958,4
E02004961,7
E02004964,4
E02004966,3
E02004972,5
E02004973,6
E02004974,3
E02004975,9
E02004976,29
E02004977,5
E02004978,6
E02004979,2
E02004981,1
E02004982,2
E02004983,5
E02004984,2
E02004985,4
E02004986,4
E02004987,1
E02004988,2
E02004989,8
E02004990,27
E02004991,5
E02004992,1
E02004993,6
E02004997,2
E02004999,2
E02005000,8
E02005001,6
E02005008,6
E02005009,2
E02005013,1
E02005014,1
E02005021,1
E02005023,2
E02005026,1
E02005027,2
E02005028,3
E02005029,4
E02005030,4
E02005031,1
E02005033,9
E02005035,1
E02005037,2
E02005038,4
E02005041,1
E02005042,12
E02005044,11
E02005050,3
E02005052,8
E02005053,3
E02005056,1
E02005065,1
E02005066,3
E02005068,3
E02005071,17
E02005073,2
E02005076,2
E02005077,1
E02005078,3
E02005082,2
E02005084,1
E02005085,2
E02005087,1
E02005088,3
E02005093,1
E02005094,4
E02005096,1
E02005098,4
E02005105,2
E02005107,5
E02005109,2
E02005111,8
E02005112,2
E02005113,4
E02005115,2
E02005116,2
E02005122,1
E02005124,7
E02005127,1
E02005129,3
E02005130,1
E02005134,2
E02005139,1
E02005142,8
E02005145,1
E02005147,5
E02005149,2
E02005151,1
E02005153,5
E02005154,1
E02005155,6
E02005160,4
E02005164,5
E02005165,2
E02005168,2
E02005169,4
E02005170,1
E02005174,2
E02005175,1
E02005177,1
E02005178,5
E02005179,2
E02005181,3
E02005182,2
E02005185,2
E02005190,2
E02005194,5
E02005196,2
E02005198,3
E02005199,6
E02005202,2
E02005210,3
E02005212,5
E02005214,7
E02005215,2
E02005217,2
E02005218,2
E02005219,2
E02005221,6
E02005225,12
E02005226,9
E02005230,3
E02005233,2
E02005234,8
E02005236,1
E02005237,2
E02005238,3
E02005239,3
E02005241,2
E02005242,2
E02005243,5
E02005249,2
E02005250,1
E02005253,4
E02005254,1
E02005255,2
E02005256,8
E02005258,1
E02005262,3
E02005264,2
E02005265,2
E02005269,12
E02005270,2
E02005271,14
E02005276,3
E02005277,1
E02005279,3
E02005280,3
E02005281,6
E02005285,2
E02005289,7
E02005290,6
E02005293,8
E02005294,10
E02005297,4
E02005299,1
E02005301,4
E02005305,2
E02005307,2
E02005308,1
E02005309,1
E02005310,20
E02005313,2
E02005314,7
E02005318,2
E02005319,4
E02005324,4
E02005325,2
E02005326,2
E02005328,2
E02005331,2
E02005334,6
E02005338,10
E02005339,4
E02005340,8
E02005341,4
E02005342,2
E02005346,5
E02005349,1
E02005351,21
E02005353,1
E02005354,3
E02005359,1
E02005363,16
E02005368,4
E02005369,1
E02005370,1
E02005373,1
E02005374,4
E02005376,4
E02005381,1
E02005384,23
E02005386,12
E02005387,1
E02005388,2
E02005394,1
E02005395,3
E02005397,4
E02005398,2
E02005399,2
E02005403,2
E02005406,2
E02005412,9
E02005414,18
E02005415,3
E02005417,1
E02005419,6
E02005427,3
E02005428,1
E02005429,1
E02005431,2
E02005434,1
E02005435,3
E02005436,1
E02005437,2
E02005438,6
E02005439,3
E02005444,2
E02005445,6
E02005446,12
E02005447,12
E02005449,7
E02005450,1
E02005462,2
E02005466,1
E02005467,2
E02005470,3
E02005471,1
E02005477,3
E02005479,1
E02005480,2
E02005484,2
E02005485,1
E02005486,3
E02005487,2
E02005488,7
E02005491,1
E02005492,1
E02005493,1
E02005494,4
E02005495,5
E02005497,2
E02005498,3
E02005499,1
E02005507,2
E02005509,4
E02005515,1
E02005516,1
E02005518,2
E02005519,2
E02005520,3
E02005522,1
E02005532,1
E02005535,2
E02005536,1
E02005537,1
E02005540,2
E02005542,7
E02005543,6
E02005544,2
E02005545,1
E02005546,2
E02005547,2
E02005550,1
E02005551,2
E02005559,1
E02005561,8
E02005564,2
E02005567,2
E02005570,5
E02005571,5
E02005572,6
E02005573,4
E02005574,2
E02005575,3
E02005578,2
E02005579,6
E02005580,6
E02005581,2
E02005582,2
E02005583,1
E02005584,11
E02005585,1
E02005587,1
E02005590,7
E02005593,4
E02005596,3
E02005597,3
E02005598,3
E02005603,1
E02005605,1
E02005606,1
E02005609,1
E02005610,1
E02005612,2
E02005613,2
E02005614,26
E02005616,11
E02005621,2
E02005622,2
E02005625,3
E02005627,1
E02005628,2
E02005629,11
E02005631,1
E02005633,1
E02005636,9
E02005637,2
E02005639,2
E02005642,2
E02005644,3
E02005645,11
E02005647,2
E02005651,5
E02005653,2
E02005660,3
E02005664,2
E02005665,4
E02005666,2
E02005670,4
E02005671,4
E02005672,1
E02005673,1
E02005674,5
E02005681,2
E02005682,6
E02005683,4
E02005684,6
E02005685,6
E02005687,3
E02005688,1
E02005689,2
E02005695,2
E02005696,2
E02005697,2
E02005699,3
E02005700,1
E02005702,8
E02005703,9
E02005704,3
E02005705,4
E02005706,7
E02005707,2
E02005708,9
E02005709,4
E02005710,7
E02005711,6
E02005713,12
E02005715,6
E02005716,4
E02005718,3
E02005719,1
E02005722,8
E02005723,9
E02005724,6
E02005725,9
E02005727,19
E02005728,9
E02005729,5
E02005730,25
E02005731,3
E02005732,3
E02005733,6
E02005734,1
E02005735,3
E02005736,13
E02005737,6
E02005739,1
E02005741,4
E02005742,2
E02005743,8
E02005744,6
E02005746,2
E02005747,2
E02005751,1
E02005752,1
E02005753,4
E02005755,1
E02005758,1
E02005759,2
E02005764,3
E02005769,1
E02005772,1
E02005775,6
E02005776,3
E02005781,1
E02005782,2
E02005786,1
E02005787,1
E02005788,6
E02005789,9
E02005790,4
E02005794,3
E02005798,2
E02005799,1
E02005803,1
E02005804,2
E02005813,3
E02005822,1
E02005823,4
E02005825,1
E02005826,4
E02005828,1
E02005832,12
E02005835,2
E02005839,2
E02005843,5
E02005844,2
E02005846,2
E02005847,8
E02005848,6
E02005849,7
E02005851,8
E02005852,1
E02005859,8
E02005860,8
E02005864,16
E02005869,3
E02005870,5
E02005873,1
E02005874,2
E02005875,4
E02005877,4
E02005878,12
E02005879,8
E02005886,2
E02005887,3
E02005888,1
E02005889,1
E02005890,2
E02005891,8
E02005892,4
E02005893,2
E02005895,2
E02005896,2
E02005897,3
E02005899,10
E02005900,1
E02005901,4
E02005904,1
E02005905,1
E02005907,4
E02005908,4
E02005909,1
E02005910,3
E02005911,1
E02005912,10
E02005915,1
E02005916,1
E02005917,4
E02005919,12
E02005923,3
E02005924,5
E02005927,2
E02005928,2
E02005929,1
E02005930,2
E02005931,11
E02005933,8
E02005935,5
E02005936,6
E02005937,2
E02005939,2
E02005940,2
E02005941,4
E02005942,7
E02005945,6
E02005946,1
E02005947,11
E02005948,5
E02005950,4
E02005951,1
E02005952,2
E02005953,1
E02005955,11
E02005956,3
E02005957,1
E02005961,10
E02005965,2
E02005966,2
E02005967,2
E02005968,1
E02005969,2
E02005973,3
E02005974,2
E02005976,3
E02005983,2
E02005985,2
E02005986,4
E02005987,6
E02005992,12
E02005993,9
E02005994,3
E02005996,9
E02005998,3
E02005999,1
E02006002,8
E02006003,6
E02006006,6
E02006008,2
E02006009,1
E02006010,1
E02006012,1
E02006015,1
E02006017,1
E02006018,1
E02006022,1
E02006024,2
E02006025,1
E02006027,1
E02006029,1
E02006030,1
E02006031,2
E02006034,2
E02006036,4
E02006038,1
E02006042,3
E02006044,1
E02006045,1
E02006046,1
E02006047,2
E02006054,3
E02006055,4
E02006057,1
E02006058,2
E02006060,2
E02006062,5
E02006064,2
E02006068,1
E02006069,1
E02006073,1
E02006074,1
E02006078,1
E02006079,5
E02006082,3
E02006089,2
E02006092,1
E02006093,1
E02006096,2
E02006098,1
E02006101,1
E02006102,2
E02006103,2
E02006104,1
E02006105,1
E02006108,2
E02006109,2
E02006111,1
E02006112,3
E02006113,1
E02006114,2
E02006119,2
E02006122,2
E02006127,3
E02006129,7
E02006130,2
E02006133,4
E02006136,1
E02006138,1
E02006141,6
E02006143,6
E02006147,2
E02006149,2
E02006150,2
E02006151,1
E02006157,1
E02006159,2
E02006167,3
E02006168,1
E02006169,9
E02006172,1
E02006174,3
E02006180,4
E02006181,9
E02006182,5
E02006183,1
E02006187,2
E02006190,1
E02006191,2
E02006192,2
E02006193,1
E02006194,1
E02006195,2
E02006196,2
E02006197,10
E02006198,13
E02006203,2
E02006208,1
E02006214,1
E02006217,2
E02006218,1
E02006221,1
E02006224,1
E02006226,1
E02006227,1
E02006230,2
E02006231,3
E02006233,2
E02006235,1
E02006236,2
E02006238,9
E02006243,4
E02006245,1
E02006247,2
E02006250,1
E02006251,2
E02006253,2
E02006254,2
E02006258,5
E02006261,1
E02006262,1
E02006270,2
E02006271,1
E02006276,8
E02006278,14
E02006279,8
E02006281,10
E02006284,4
E02006286,1
E02006287,2
E02006290,3
E02006291,3
E02006294,2
E02006295,2
E02006296,6
E02006297,1
E02006299,1
E02006300,2
E02006301,1
E02006303,1
E02006305,4
E02006306,1
E02006308,2
E02006311,3
E02006317,2
E02006322,2
E02006323,1
E02006325,1
E02006328,3
E02006329,5
E02006330,4
E02006332,6
E02006333,6
E02006334,1
E02006339,1
E02006341,7
E02006342,5
E02006343,3
E02006347,1
E02006349,1
E02006350,3
E02006355,2
E02006356,8
E02006358,9
E02006363,6
E02006364,5
E02006369,1
E02006370,10
E02006374,3
E02006377,8
E02006381,1
E02006383,1
E02006384,2
E02006385,6
E02006386,5
E02006388,1
E02006392,2
E02006393,2
E02006394,7
E02006395,11
E02006396,3
E02006397,1
E02006399,3
E02006403,3
E02006404,2
E02006405,1
E02006406,15
E02006407,2
E02006408,18
E02006410,9
E02006412,4
E02006415,4
E02006417,3
E02006420,2
E02006423,6
E02006425,3
E02006429,3
E02006437,4
E02006440,1
E02006441,5
E02006443,2
E02006445,9
E02006448,1
E02006451,2
E02006454,1
E02006455,2
E02006456,1
E02006459,4
E02006463,14
E02006466,1
E02006468,1
E02006470,2
E02006471,4
E02006473,6
E02006474,6
E02006477,1
E02006479,5
E02006480,2
E02006482,7
E02006484,1
E02006486,1
E02006487,2
E02006489,4
E02006490,1
E02006492,3
E02006493,2
E02006494,3
E02006500,2
E02006505,4
E02006507,7
E02006508,4
E02006509,5
E02006510,6
E02006512,10
E02006513,1
E02006514,4
E02006515,3
E02006516,4
E02006517,1
E02006519,5
E02006521,4
E02006522,3
E02006525,15
E02006526,2
E02006527,2
E02006529,22
E02006530,10
E02006531,8
E02006533,1
E02006537,5
E02006538,3
E02006542,5
E02006544,4
E02006545,3
E02006546,1
E02006549,2
E02006550,1
E02006552,3
E02006553,1
E02006555,2
E02006558,4
E02006564,2
E02006565,1
E02006566,2
E02006567,2
E02006568,3
E02006569,1
E02006570,11
E02006573,3
E02006574,2
E02006575,5
E02006576,4
E02006577,1
E02006578,15
E02006579,15
E02006580,1
E02006582,1
E02006590,2
E02006593,12
E02006595,1
E02006597,3
E02006600,5
E02006603,1
E02006604,8
E02006607,7
E02006610,5
E02006612,13
E02006617,3
E02006618,5
E02006620,3
E02006623,2
E02006624,1
E02006629,5
E02006631,6
E02006635,2
E02006638,1
E02006642,1
E02006649,1
E02006651,2
E02006653,1
E02006654,4
E02006655,3
E02006659,1
E02006660,4
E02006663,5
E02006666,1
E02006668,4
E02006670,1
E02006671,4
E02006672,2
E02006674,1
E02006676,2
E02006680,2
E02006682,1
E02006684,6
E02006685,1
E02006687,2
E02006689,1
E02006690,1
E02006691,2
E02006694,2
E02006695,4
E02006697,2
E02006700,1
E02006702,1
E02006703,2
E02006704,3
E02006706,4
E02006708,3
E02006709,3
E02006713,2
E02006714,1
E02006717,2
E02006719,4
E02006721,1
E02006726,1
E02006727,1
E02006730,1
E02006731,3
E02006736,4
E02006739,4
E02006740,3
E02006743,2
E02006744,4
E02006745,1
E02006746,4
E02006747,2
E02006748,2
E02006749,1
E02006750,3
E02006753,1
E02006755,2
E02006759,3
E02006760,3
E02006761,4
E02006764,3
E02006765,2
E02006770,2
E02006772,1
E02006775,2
E02006776,2
E02006779,2
E02006782,7
E02006784,3
E02006787,2
E02006788,2
E02006790,4
E02006791,12
E02006792,34
E02006793,12
E02006794,17
E02006795,4
E02006796,5
E02006798,6
E02006799,3
E02006800,2
E02006801,14
E02006802,12
E02006806,1
E02006808,2
E02006813,2
E02006826,7
E02006828,3
E02006829,1
E02006837,1
E02006839,1
E02006841,24
E02006845,4
E02006846,3
E02006847,1
E02006848,8
E02006849,2
E02006851,17
E02006852,5
E02006853,6
E02006854,17
E02006855,2
E02006856,10
E02006858,2
E02006859,2
E02006862,2
E02006864,2
E02006865,4
E02006867,5
E02006870,15
E02006872,1
E02006873,3
E02006875,44
E02006876,4
E02006879,5
E02006881,2
E02006885,1
E02006886,2
E02006887,18
E02006889,4
E02006892,3
E02006893,2
E02006894,7
E02006895,1
E02006896,12
E02006897,1
E02006898,1
E02006899,7
E02006900,3
E02006902,11
E02006904,8
E02006905,7
E02006906,9
E02006907,2
E02006911,1
E02006912,25
E02006913,1
E02006914,29
E02006917,16
E02006918,2
E02006921,1
E02006922,2
E02006925,8
E02006926,1
E02006927,2
E02006928,7
E02006929,80
E02006930,6
E02006931,14
E02006932,2
E02006933,3
E02006934,6
W02000002,1
W02000003,5
W02000005,1
W02000006,9
W02000009,4
W02000010,2
W02000011,2
W02000012,1
W02000015,1
W02000019,3
W02000020,2
W02000024,2
W02000032,3
W02000033,3
W02000036,3
W02000041,2
W02000047,1
W02000050,4
W02000051,2
W02000052,1
W02000056,3
W02000059,1
W02000060,2
W02000070,1
W02000071,1
W02000072,3
W02000073,2
W02000080,2
W02000085,1
W02000086,1
W02000088,3
W02000089,3
W02000094,4
W02000099,2
W02000100,2
W02000102,1
W02000103,1
W02000104,5
W02000106,2
W02000107,3
W02000109,3
W02000110,2
W02000113,5
W02000116,1
W02000117,5
W02000118,6
W02000120,2
W02000124,2
W02000126,4
W02000127,6
W02000128,5
W02000130,4
W02000131,4
W02000132,2
W02000133,1
W02000134,2
W02000136,2
W02000137,5
W02000138,7
W02000140,2
W02000141,9
W02000142,1
W02000144,1
W02000145,1
W02000149,9
W02000151,3
W02000152,1
W02000153,1
W02000154,2
W02000156,2
W02000157,1
W02000159,1
W02000162,1
W02000163,1
W02000164,3
W02000165,2
W02000166,1
W02000168,1
W02000169,1
W02000171,3
W02000172,1
W02000175,3
W02000177,4
W02000179,1
W02000181,4
W02000183,3
W02000184,1
W02000187,2
W02000188,4
W02000192,4
W02000193,1
W02000194,2
W02000205,2
W02000206,1
W02000208,1
W02000214,1
W02000216,2
W02000219,2
W02000224,2
W02000230,2
W02000231,2
W02000239,2
W02000241,2
W02000246,3
W02000248,2
W02000250,2
W02000251,2
W02000253,2
W02000276,1
W02000277,3
W02000284,2
W02000286,4
W02000291,1
W02000298,2
W02000299,2
W02000302,4
W02000303,3
W02000304,1
W02000306,5
W02000307,1
W02000308,1
W02000309,2
W02000311,3
W02000313,3
W02000315,2
W02000317,3
W02000318,4
W02000320,4
W02000321,4
W02000323,2
W02000324,2
W02000326,3
W02000328,1
W02000330,7
W02000332,5
W02000333,1
W02000337,1
W02000339,6
W02000341,2
W02000342,1
W02000343,4
W02000345,3
W02000346,2
W02000348,4
W02000350,2
W02000353,1
W02000355,2
W02000356,1
W02000357,3
W02000358,5
W02000360,7
W02000362,4
W02000363,3
W02000364,6
W02000366,2
W02000369,2
W02000371,3
W02000376,2
W02000377,3
W02000380,1
W02000384,3
W02000392,1
W02000395,2
W02000396,1
W02000398,13
W02000400,3
W02000401,2
W02000402,4
W02000406,2
W02000408,1
W02000410,2
W02000412,2
W02000414,2
W02000416,2
W02000417,1
W02000418,5
W02000422,6
